id,title,description,price,category,image,specs,skv,mrp,sale_price,features,stock
1,Arduino Uno R3,The classic microcontroller board for your projects. Reliable and easy to use.,450,Development Boards,https://images.unsplash.com/photo-1553406830-ef2513450d76?auto=format&fit=crop&q=80&w=1000,"{""Microcontroller"": ""ATmega328P"", ""Operating Voltage"": ""5V""}",SKV-ARD-001,650,450,"[""ATmega328P Microcontroller"", ""Operating Voltage: 5V"", ""Input Voltage (recommended): 7-12V"", ""Digital I/O Pins: 14""]",50
2,Raspberry Pi 4 Model B (4GB),"A powerful mini-computer for IoT, media centers, and more.",4500,Development Boards,https://images.unsplash.com/photo-1555617981-d52f6f55c2d7?auto=format&fit=crop&q=80&w=1000,"{""RAM"": ""4GB LPDDR4"", ""Processor"": ""Broadcom BCM2711""}",SKV-RPI-002,5500,4500,"[""Broadcom BCM2711, Quad core Cortex-A72 (ARM v8) 64-bit SoC @ 1.5GHz"", ""4GB LPDDR4-3200 SDRAM"", ""2.4 GHz and 5.0 GHz IEEE 802.11ac wireless""]",15
3,HC-SR04 Ultrasonic Sensor,Distance measuring module utilizing ultrasonic waves.,80,Sensors,https://images.unsplash.com/photo-1581092160562-40aa08e78837?auto=format&fit=crop&q=80&w=1000,"{""Range"": ""2cm - 400cm"", ""Voltage"": ""5V""}",SKV-SEN-003,150,80,"[""Power Supply :+5V DC"", ""Quiescent Current : <2mA"", ""Working Current: 15mA"", ""Effectual Angle: <15\u00b0"", ""Ranging Distance : 2cm \u2013 400 cm/1\u2033 \u2013 13ft""]",100
4,ESP8266 NodeMCU,WiFi enabled microcontroller for IoT applications.,350,Modules,https://images.unsplash.com/photo-1517077304055-6e89abbf09b0?auto=format&fit=crop&q=80&w=1000,"{""WiFi"": ""802.11 b/g/n"", ""Voltage"": ""3.3V""}",SKV-MOD-004,500,350,"[""Wi-Fi Module - ESP-12E module similar to ESP-12 module but with 6 extra GPIOs"", ""USB - micro USB port for power, programming and debugging"", ""Headers - 2x 2.54mm 15-pin header with access to GPIOs, SPI, UART, ADC and power pins""]",35
5,SG90 Micro Servo Motor,Tiny and lightweight with high output power. Ideal for RC projects.,120,Motors,https://images.unsplash.com/photo-1580835545068-39609c183063?auto=format&fit=crop&q=80&w=1000,"{""Torque"": ""1.8 kg-cm"", ""Speed"": ""0.1 sec/60deg""}",SKV-MOT-005,200,120,"[""Operating Voltage: 3.0V~7.2V"", ""Operating Speed: 0.1sec/60degree(4.8V)"", ""Stall Torque: 1.2kg/cm(4.8V)"", ""Dead Band Width: 7usec""]",60
6,Li-Po Battery 3.7V 1000mAh,High capacity rechargeable lithium polymer battery.,400,Battery,https://encrypted-tbn0.gstatic.com/images?q=tbn:ANd9GcR61ba7tNlKqgqKyE_wXqgq6lqqKqqKqqKqqA&s,"{""Capacity"": ""1000mAh"", ""Voltage"": ""3.7V""}",SKV-BAT-006,600,400,"[""Voltage: 3.7V"", ""Capacity: 1000mAh"", ""Type: Lithium Polymer"", ""Rechargeable: Yes""]",25
7,DHT11 Temperature & Humidity Sensor,Basic digital temperature and humidity sensor.,90,Sensors,https://images.unsplash.com/photo-1581092918056-0c4c3acd90f9?auto=format&fit=crop&q=80&w=1000,"{""Temp Range"": ""0-50\u00b0C"", ""Humidity Range"": ""20-80%""}",SKV-SEN-007,150,90,"[""Supply Voltage: +5 V"", ""Temperature Range : 0\u00b0C to 50\u00b0C"", ""Humidity Range: 20% to 90%""]",20
8,OLED Display 0.96 inch,I2C OLED display module for Arduino and Pi.,250,Displays,https://images.unsplash.com/photo-1550751827-4bd374c3f58b?auto=format&fit=crop&q=80&w=1000,"{""Resolution"": ""128x64"", ""Interface"": ""I2C""}",SKV-DIS-008,450,250,"[""128x64 pixel resolution"", ""I2C Interface"", ""Driver IC: SSD1306"", ""Operating Voltage: 3.3V - 5V""]",
10,ADXL345 Triple Axis Accelerometer Board,"The ADXL345 is a small, thin, low power, 3-axis accelerometer with high resolution (13-bit) measurement at up to ±16g. Digital output data is formatted as 16-bit twos complement and is accessible through either an SPI (3- or 4-wire) or I2C digital interface. The ADXL345 is well suited for mobile device applications. It measures the static acceleration of gravity in tilt-sensing applications, as well as dynamic acceleration resulting from motion or shock. Its high resolution (4 mg/LSB) enables measurement of inclination changes less than 1.0°. Low power modes enable intelligent motion-based power management with threshold sensing and active acceleration measurement at extremely low power dissipation.",160,,ADXL345 Triple Axis Accelerometer Board .jpeg,"{""Supply Voltage"": ""3.3V or 5V"", ""Sensitivity"": ""X: 28.6 LSB/g, Y: 31.2 LSB/g, Z: 34.5 LSB/g"", ""Output Data Rate (ODR)"": ""800 Hz"", ""Sensing Range"": ""±2g, ±4g, ±8g, ±16g""}",S11A,320,160,"[""Ultra-Low Power: 40µA in measurement mode, 0.1µA in standby @2.5V"", ""Free-Fall Detection"", ""Tap/Double Tap Detection"", ""Flexible interrupt modes mappable to either interrupt pin"", ""Measurement ranges selectable via serial command"", ""Bandwidth selectable via serial command"", ""Wide temperature range (−40°C to +85°C)"", ""10,000g shock survival"", ""Supports 5V/3.3V voltage input"", ""Onboard RT9161 power chip with low dropout and fast load response"", ""User-selectable resolution"", ""Fixed 10-bit resolution"", ""Full resolution up to 13-bit at ±16g (4 mg/LSB scale factor maintained in all G ranges)""]",4
11,ACS712 20AMP Ac/DC Current Sensor,"ACS712 Current Sensor Module  can sense up to 20 A of current flow. Sensing and controlling the current flow is a fundamental requirement in wide variety of applications, which includes over-current protection circuits, battery chargers, switching mode power supplies, digital watt meters, programmable current sources, etc. It is based on ACS712 sensor, which is precise, low-offset, linear Hall circuit with a copper conduction path located near the surface of the die. Applied current flowing through this copper conduction path generates a magnetic field in which the Hall IC converts into a proportional voltage.",100,Sensors,ACS712 20AMP Ac/DC Current Sensor.jpeg,"{""Supply Voltage"": ""4.5V ~ 5.5V DC"", ""Current Measurement Range"": ""-20A ~ 20A"", ""Sensitivity"": ""100 mV/A"", ""Signal Path"": ""Low-noise analog"", ""Power-On Time"": ""35 µs"", ""Output Rise Time"": ""5 µs (step input response)"", ""Package"": ""SOIC-8, small footprint, low-profile""}",S12,200,100,"[""Nearly zero magnetic hysteresis"", ""5.0V single-supply operation"", ""66 to 185 mV/A output sensitivity"", ""Output voltage proportional to AC or DC current"", ""Factory-trimmed for accuracy"", ""Extremely stable output offset voltage"", ""Ratiometric output from supply voltage"", ""2.1 kV RMS minimum isolation voltage (pins 1-4 to pins 5-8)""]",2
12,"PZEM-004T AC Multi-function 
Electric Energy Metering Power Monitor","The PZEM-004T AC meter with0ut coil current transformer (CT) and USB cable is a powerful and user-friendly device designed for precise monitoring of AC voltage, current, power, and energy consumption. This versatile meter is ideal for a wide range of applications, from home energy management to industrial monitoring, providing essential data to help optimize electrical systems.",580,Sensors,PZEM-004T AC Multi-function Electric Energy Metering Power Monitor.jpeg,,S13A,,580,"{""Brand"": """", ""Model"": ""PZEM-004T"", ""Operating Voltage"": ""80–260VAC"", ""Test Voltage"": ""80–260VAC"", ""Rated Current"": ""100A"", ""Rated Power"": ""22000W (at 220V, 100A)"", ""Operating Frequency"": ""45–65Hz"", ""Measurement Accuracy"": ""Class 1.0""}",1
13,DHT-11 Temperature And Humidity Sensor,"This DHT11 Digital Relative Humidity & Temperature Sensor Module is pre-calibrated with resistive sense technology coupled with NTC thermistor, for the precise reading of the relative Humidity and surrounding temperature DHT 11 break-out board is a very popular, low-cost sensor from Losing, the breakout provides easy installation of the DHT11 sensor module. The board is also equipped with high- performance 8-Bit microcontroller which is connected to the DHT11 sensor module. The output of the DHT11 is in the form of a digital signal on a single data pin. The sensing update frequency is to be measured at every 2sec (0.5Hz).",70,Sensors,DHT-11 Temperature And Humidity Sensor.jpeg,,S14,140,70,"{""Operating Voltage"": ""3.5V to 5.5V"", ""Operating Current"": ""0.3mA (measuring), 60µA (standby)"", ""Output"": ""Serial data"", ""Temperature Range"": ""0°C to 50°C"", ""Humidity Range"": ""20% to 90%"", ""Resolution"": ""16-bit (Temperature and Humidity)"", ""Accuracy"": ""±1°C, ±1%"", ""Compatibility"": ""Arduino boards, ESP8266""}",47
14,DHT22 Module Temp & Humidity Sensor,"The DHT22 Digital Temperature and Humidity Sensor Module AM2302 is a basic, low-cost digital temperature and humidity sensor. It uses a capacitive humidity sensor and a thermistor to measure the surrounding air and spits out a digital signal on the data pin (no analog input pins needed). It’s fairly simple to use but requires careful timing to grab data. The only real downside of this sensor is you can only get new data from it once every 2 seconds, so when using our library, sensor readings can be up to 2 seconds old.",130,Sensors,DHT22 Module Temp & Humidity Sensor.jpeg,,S14A,260,130,"{""Operating Voltage"": ""3.5V to 5.5V"", ""Operating Current"": ""0.3mA (measuring), 60µA (standby)"", ""Output"": ""Serial data"", ""Temperature Range"": ""-40°C to 80°C"", ""Humidity Range"": ""0% to 100%"", ""Resolution"": ""16-bit (Temperature and Humidity)"", ""Accuracy"": ""±0.5°C, ±1%"", ""Compatibility"": ""Arduino boards, ESP8266""}",4
15,DS18B20 Water Proof Temperature Probe – Black,"This is DS18B20 Water Proof Temperature Probe – Black (1m) Original Chip which is based on the DS18B20 sensor. It is very handy for when you need to measure something far away, or in wet conditions. Because they are digital, you don’t get any signal degradation even over a long distances. These 1-wire digital temperature sensors are fairly precise (±0.5°C over much of the range) and can give up to 12 bits of precision from the onboard digital-to-analog converter.",70,Sensors,DS18B20 Water Proof Temperature Probe  Black.jpeg,,S15,140,70,"{""Type"": ""Programmable Digital Temperature Sensor"", ""Communication Method"": ""1-Wire"", ""Operating Voltage"": ""3V to 5V"", ""Temperature Range"": ""-55°C to +125°C"", ""Accuracy"": ""±0.5°C"", ""Output Resolution"": ""9-bit to 12-bit (programmable)"", ""Unique Address"": ""64-bit (enables multiplexing)"", ""Conversion Time"": ""750ms (at 12-bit resolution)"", ""Alarm Feature"": ""Programmable alarm options"", ""Package Options"": ""TO-92, SOP, Waterproof probe""}",4
16,DS18B20 TEMP SENSOR MODULE,,-,Module,,,S15A,,-,"{""Type"": ""Programmable Digital Temperature Sensor"", ""Communication Method"": ""1-Wire"", ""Operating Voltage"": ""3V to 5V"", ""Temperature Range"": ""-55°C to +125°C"", ""Accuracy"": ""±0.5°C"", ""Output Resolution"": ""9-bit to 12-bit (programmable)"", ""Unique Address"": ""64-bit (enables multiplexing)"", ""Conversion Time"": ""750ms (at 12-bit resolution)""}",-
17,AD8232 ECG with Heart Rate Sensor,The Heart Rate Monitor Kit with AD8232 ECG sensor module Kit For Arduino is a cost-effective board use to measure the electrical activity of the heart. This electrical activity can be chart as an ECG or Electrocardiogram and output as an analog reading.,400,Sensors,AD8232 ECG with Heart Rate Sensor.jpeg,"{""Type"": ""Fully integrated single-lead ECG front end"", ""Common-Mode Rejection Ratio"": ""80 dB (dc to 60 Hz)"", ""Electrode Configuration"": ""Two or three electrodes"", ""Application Qualification"": ""Automotive"", ""Operating Voltage"": ""2.0V to 3.5V"", ""Fast Restore Feature"": ""Improves filter settling""}",S16,800,400,"[""Fully integrated single-lead ECG front end"", ""Common-mode rejection ratio: 80 dB (dc to 60 Hz)"", ""Two or three-electrode configurations"", ""Qualified for automotive applications"", ""Single-supply operation: 2.0V to 3.5V"", ""Fast restore feature for improved filter settling"", ""Compact size: 3.5cm x 3cm""]",2
18,EMG Muscle Sensor Module V3.0 with Cable And Electrodes,"EMG Muscle Sensor Module V3.0 With Cable And Electrodes will measure the filtered and rectified electrical activity of a muscle; outputting 0-Vs Volts depending the amount of activity in the selected muscle, where Vs signifies the voltage of the power source. Power supply voltage: min. +-3.5V. By detecting the electromyogram (EMG), measuring muscle activity has traditionally been used in medical research, however with shrinking but more powerful microcontrollers and integrated circuits advent EMG power Road and sensors can be used for various control systems.",450,Sensors,EMG Muscle Sensor Module V3.0 with Cable And Electrodes.jpeg,"{""Electrode Pad Diameter"": ""52 mm"", ""Cable Length"": ""2 feet"", ""Weight"": ""30 g"", ""Gain"": ""Improved adjustable gain (rugged design)"", ""Cable Interface"": ""Onboard port for new cables"", ""Connectivity"": ""Connects to board directly (plug-and-play)"", ""Minimum Operating Voltage"": ""±3.5V""}",S16A,900,450,"[""Power Supply: Normally ±9V dual supply (minimum ±3.5V)"", ""Small form factor"", ""Output varies depending on muscle activity level"", ""Supports Arduino"", ""Breadboard mountable""]",0
19,AS608 Optical Fingerprint Sensor Module,"The AS608 Optical Fingerprint Sensor Module is a compact and reliable biometric sensor designed for fingerprint recognition and storage applications. Utilizing optical sensing technology, the AS608 module offers precise and secure fingerprint capture with fast matching and high accuracy. It is ideal for use in security systems, access control, attendance systems, and embedded electronics projects requiring user identification and authentication.With built-in image processing, storage capacity for fingerprints, and a UART interface, the module is easy to integrate with microcontrollers like Arduino, Raspberry Pi, or STM32. Its onboard DSP handles fingerprint image capture, feature extraction, and matching independently, making it ideal for low-power and resource-constrained applications.",950,Sensors,AS608 Optical Fingerprint Sensor Module.jpeg,,S17,1900,950,,1
20,Float Level Control Switch Plastic Float Switch,"A float switch is a device used to sense the level of liquid within a tank.The switch may actuate a pump, an indicator, an alarm, or other device. Use them with hydroponics, saltwater tank, freshwater tank, gardening, aquariums for power head control, pet bowls, fish tanks, filtration, heating, pumps,",150,Sensors,Float Level Control Switch Plastic Float Switch.jpeg,,S18,300,150,,0
21,Water Flow Sensor ST-S201,This is YF-S201 Water Flow Measurement Sensor with 1-30Liter/min Flow Rate – Black. This sensor sits in line with your water line and contains a pinwheel sensor to measure how much liquid has moved through it. There’s an integrated magnetic hall effect sensor that outputs an electrical pulse with every revolution. The hall effect sensor is sealed from the water pipe and allows the sensor to stay safe and dry.,170,Sensors,Water Flow Sensor ST-S201.jpeg,,S19,340,170,,2
22,Flow Sensor YF-S401,"1/8 inch Water flow sensor YF-S401 consists of a plastic valve body, a water rotor, and a hall effect sensor - when water flows through, the internal rotator will change its speed with different rate of flow and hall effect sensor outputs the corresponding pulse signal. Use with laser cutters or CNC to measure if and how much water is flowing through laser tube or CNC spindle for cooling.

",210,Sensors,Water-Flow-Sensor-0.125-inch-yf-s401-400x400.jpg,,S19A,420,210,,1
23,Force Sensor Resistor 14.7mm Round Pressure Sensor 0.5 Inch,"This is a force-sensitive resistor with a round, 0.5? diameter, sensing area. This FSR will vary its resistance depending on how much force is being applied to the sensing area.

The harder the force, the lower the resistance. When no force is been applied to the FSR its resistance will be larger than 1M?. This FSR can sense applied force anywhere in the range of 100g-10kg.",-,Sensors,Force Sensor Resistor 14.7mm Round Pressure Sensor 0.5 Inch.jpeg,,S20,,-,,-
24,Flex Sensor,Flex Sensors are commonly used in Robotic Gloves and other Robotic Control application. It can be used to analyze how much a material is being bent. This flex sensor is 2.2 inch long and has two output leads which acts like a variable resistor. That is the resistance between two pins change based on how much the sensor is bent. It is commonly used along with another resistor to build a voltage divider circuit and then obtain a variable voltage based on the change in resistance of the sensor.,300,Sensors,Flex sensor.jpeg,,S20A,600,300,,2
25,Heart beat rate sensor,"It is easy to use a Pulse sensor that can be used to detect the Heart Rate of a Person. Heart rate is essential to determine your health and also to monitor while working out or running. This works on a principle called photoplethysmography, which means the changes in the volume of blood in an organ is measured by the changes in the intensity of the light passing through that organ hence the emitted light from the LED will be received by photosensor only when there is blood in the vein hence measuring the pulse. The output signal is further conditioned and filtered to give the final output. This Heartbeat sensor module can be easily used with Arduino to monitor anxiety levels, remote patient monitoring or exercise routines.",130,Sensors,Heart beat rate sensor.jpeg,,S21,260,130,,1
26,Vibration Sensor Module,"Vibration sensor module alarm Motion sensor module vibration switch SW-420 module based on the vibration sensor SW-420 and Comparator LM393 to detect if there is any vibration that beyond the threshold. The threshold can adjust using an onboard potentiometer. When this no vibration, this module output logic LOW the signal indicates LED light, and vice versa.

If the module does not vibrate, the vibration switch was on the close state, the output of low output, the green indicator light. The product vibrates, vibration switches momentary disconnect, the output is driven high, the green light does not shine.

The output can connect to the microcontroller, which to detect high and low level; so as to detect whether the environment exists vibration, play a role in the alarm.",50,Sensors,Vibration sensor module.jpeg,,S22,100,50,,
27,1.5-5V DC VibrationMotor,"The Water Flow sensor measures the rate of a liquid flowing through it. The YF-S401 water flow sensor consists of a plastic valve body, flow rotor, and hall effect sensor. It is usually used at the inlet end to detect the amount of flow. When liquid flows through the sensor, a magnetic rotor will rotate and the rate of rotation will vary with the rate of flow. The hall effect sensor will then output a pulse width signal. Connect it to a microcontroller and you can monitor multiple devices such as your coffee maker, sprinkler, or anything else, and control the water flow rate to suit your needs!",45,Sensors,1.5-5VDCVibrationMotor.jpg,,S22A,90,45,,11
28,Coin Type Micro Vibration Motor,"This Flat 1034 Mobile Phone Vibration Motor is a shaftless vibration motor which is fully-enclosed with no exposed moving parts. Its small size (10 mm diameter, 3.4 mm height) and shaftless design mean you can mount it on a PCB or even place it in a pocket to add quiet, haptic feedback to your project.

The motor has a 3M adhesive backing on it for easy mounting and 1.5? leads for making quick connections. Polarity is not important; the motor can run CW or CCW.

This tiny, button-type, vibrating motor shakes with a vibration amplitude of 0.75g and draws approximately 60 mA when 3 V is applied to its leads.",,,Coin Type Micro Vibration Motor.jpg,,,,,,
29,IR Sensor module,"IR Sensor module has great adaptive capability of the ambient light, having a pair of infrared transmitter and the receiver tube, the infrared emitting tube to emit a certain frequency, encounters an obstacle detection direction (reflecting surface), infrared reflected back to the receiver tube receiving, after a comparator circuit processing, the green LED lights up, while the signal output will output digital signal (a low-level signal), through the potentiometer knob to adjust the detection distance, the effective distance range 2 ~ 10cm working voltage of 3.3V-5V. The detection range of the sensor can be adjusted by the potentiometer, with little interference, easy to assemble, easy to use features, can be widely used robot obstacle avoidance, obstacle avoidance car assembly line count and black-and-white line tracking and many other occasions.",,Sensors,IR SENSOR.jpeg,,S23,50,25,,63
30,5mm IR LED Infrared Receiver and Transmitter Diode,"5mm IR Infrared Transmitter and Receiver LED is a Pair of Infrared LED and Photo diode tuned to same IR wavelength. You can use this sensors for your Robotics, Pulse Oximeter and other applications. 5mm IR LED Light Emitting Diode emits light in the infrared region, which is invisible to human eyes. This includes Infrared Receiver and Infrared Transmitter.",,,5mm IR LED Infrared Receiver and Transmitter Diode.jpg,,,,,,
31,5CH IR Array Sensor,"5 channel IR sensor: Based on the TRCT5000 infrared reflection sensor, the TCRT5000L 5 Channel Tracking Sensor Tracking Module Infrared Sensor is frequently used to produce tracking smart cars. The TRCT5000 sensor's infrared emitting diode continually emits infrared light. A CTRT 5000 is a  Boiler Controller for an Electric water heater. Based on the TRCT5000 infrared reflective sensor, the TCRT5000L 5 IR Tracking Module Infrared Sensor is frequently used to produce tracking smart cars. The TRCT5000 sensor's infrared emitting diode continually emits infrared light. The infrared receiver picks up the emitted infrared rays that are reflected by the object and produces analogue values. The output analogue value depends on the colour and distance of the item. Calculating the analogue value of the five outputs allows one to determine the location of the tracking line.",178,Sensors,5CH IR Array sensor.jpeg,,S23C,356,178,,2
32,Eyeblink sensor,"The eye–blink sensor works by illuminating the eye and eyelid area with infrared light, then monitoring the changes in the reflected light using a phototransistor and differentiator circuit. The exact functionality depends greatly on the positioning and aiming of the emitter and detector with respect to the eye.",175,Sensors,Eyeblink sensor.jpeg,,S24,350,175,,2
33,5mm LDR Sensor,"The LDR 5mm sensor works best in both Light and dark regions. Light-dependent resistors or photoresistors are a staple of electronics. If you need a way to sense the level of ambient light then there is no easier way to do it. As the light on the sensor increases then the resistance across the two leads decreases. The LDR 5mm sensor works best in both Light and dark regions. Light-dependent resistors or photoresistors are a staple of electronics. If you need a way to sense the level of ambient light then there is no easier way to do it. As the light on the sensor increases then the resistance across the two leads decreases. Two Cadmium Sulphide (CDs) PhotoConductive Cells with spectral responses similar to that of the human eye. Cell resistance falls with increasing light intensity. Applications of this product include smoke detection, Automatic lighting control, batch counting, and burglar alarm systems.

",6,Sensors,5mm LDR.jpeg,,S25,12,6,,50
34,LDR Sensor Module,"The Digital LDR Module is used to detect the presence of light / measuring the intensity of light. The output of the module goes high in the presence of light and it becomes low in the absence of light. The sensitivity of signal detection can be adjusted using the potentiometer. You can adjust the threshold (sensitivity) of the digital output by tuning the onboard variable resistor (potentiometer). Simple usage as it is the digital output, so you will know is the light present and decide what to do with it.",40,Sensors,LDR Sensor Module.jpeg,,S25A,80,40,,5
35,LM35 Temperature Sensor,"LM35 is a temperature sensor that outputs an analog signal which is proportional to the instantaneous temperature. The output voltage can easily be interpreted to obtain a temperature reading in Celsius. The advantage of lm35 over thermistor is it does not require any external calibration. The coating also protects it from self-heating. Low cost (approximately $0.95) and greater accuracy make it popular among hobbyists, DIY circuit makers, and students. Many low-end products take advantage of low cost, greater accuracy and used LM35 in their products.",55,Sensors,lm35 temperature sensor.jpeg,,S26,110,55,,2
36,LM35 Temperature Sensor MODULE,,,Sensors,,,S26A,,,,0
37,MC-38 Wired Door Window Sensor Magnetic Switch,"If you want to Apply  Extra Security for your house then this Magnetic Switch is needed for you. This magnetic switch is used for triggering an alarm or ON/OFF light inside a cupboard sliding door . In-home alarm systems you need many sensors like proximity sensors, Heat detection sensors, and Magnetic door sensors to determine the safety status of the home. In these sensors door sensors are important as these determine whether the gate is open or closed. This is an MC-38 Door Window Sensor Magnetic Switch Home Alarm System Normally Closed type which you can install on your door and use it with your home alarm system. It is very easy to install and conceal and can be easily used in places like your home, office, and hotels.
",70,Sensors,Magnetic Switch Sensor.jpeg,,S27,140,70,,2
38,Hall Effect Sensor Module,"KY-024 linear magnetic hall sensor module is a universal hall sensor module with a potentiometer to adjust the sensitivity of the sensor and it provides both analogue and digital outputs. This handy Linear magnetic hall sensor has an A3141 chipset, a 3144 linear Hall-Effect sensor, an LM393 dual differential comparator, a potentiometer, two LEDs and six resistors. It is fully compatible with Raspberry Pi, ESP8266 and other popular microcontrollers. Has the signal output instructions, single signal output, effective signal output for low level, sensitivity adjustable pure tone, the field cuts have signal output, circuit boards output switch quantity(can be directly by SCM).",50,Sensors,HALL EFFECT SENSOR MODULE.jpeg,,S27A,100,50,,1
39,MAX30100,"If you are wandering to make a machine which is used to detect heart rate and pulse rate. then this sensor Module is Compatible with you. Heart Rate click carries Maxim’s MAX30100 integrated pulse oximetry and a heart-rate sensor. It’s an optical sensor that derives its readings from emitting two wavelengths of light from two LEDs – a red and an infrared one – then measuring the absorbance of pulsing blood through a photodetector. This particular LED color combination is optimized for reading the data through the tip of one’s finger. The signal is processed by a low-noise analog signal processing unit and communicated to the target MCU through the mikroBUS I2C interface. Developers of end-user applications should note that the readings can be negatively impacted by excess motion and changes in temperature. Also, too much pressure can constrict capillary blood flow and therefore diminish the reliability of the data. A programmable INT pin is also available. The operates at the 3.3V power supply.",120,Sensors,MAX30100.jpeg,,S28,240,120,,5
40,MAX30102 Heart Rate and Pulse Oximeter Sensor Module (Black),"The MAX30102 is an integrated pulse oximeter and heart rate monitor biosensor module. It integrates a red LED and an infrared LED, photodetector, optical components, and low-noise electronic circuitry with ambient light suppression. The MAX30102 features a 1.8V power supply and a separate 5.OV power supply for internal LEDs. It is used in wearable devices for heart rate and blood oxygen acquisition, and is worn on fingers, earlobes, and wrists. The standard 12C-compatible communication interface can transmit the collected values ​​to the Arduino, KL25Z and other microcontrollers for heart rate and blood oxygen calculation. In addition, the chip can also shut down the module through software, the standby current is close to zero, and the power supply is always maintained. Because of its excellent performance, the chip is widely used in the Samsung Gala x y S series mobile phones. Compared with the previous generation MAX30100, the chip integrates a glass cover to effectively eliminate external and internal light interference, and has the best reliable performance.",130,Sensors,MAX30102 Heart Rate and Pulse Oximeter Sensor Module (Black).jpeg,,S28A,260,130,,1
41,MLX90614 ESF Non-Contact Human Body Infrared Temperature Measurement Module,,,Sensors,MLX90614 ESF Non-Contact Human Body Infrared Temperature Measurement Module.jpg,,S29,,,,0
42,Mq2 Sensor,"The MQ-2 Smoke LPG Butane Hydrogen Gas Sensor Detector Module is useful for gas leakage detection (home and industry). It is suitable for detecting H2, LPG, CH4, CO, Alcohol, Smoke, or Propane. Due to its high sensitivity and fast response time, measurements can be taken as soon as possible. The sensitivity of the sensor can be adjusted by the potentiometer
This MQ-2 Smoke and gas detector module works with 5V power, making it easy to connect to most projects. You can get two types of readings from it—an analog output, which gives you a range of values (0V to 5V) based on the gas level, or a digital output that’s either on (5V) or off (0V).",100,Sensors,MQ2 Sensor.jpeg,,S30,200,100,,4
43,MQ3 Sensor,"The MQ3 gas sensor is alcohol sensor which is used to detect the alcohol concentration on your breath.This sensor provides an analog resistive output based on alcohol concentration. When the alcohol gas exist, the sensor’s conductivity gets higher along with the gas concentration rising.It is suitable for various applications of detecting alcohol at different concentration.It is widely used in domestic alcohol gas alarm, industrial alcohol gas alarm and portable alcohol detector. Specifications: Supply Voltage: 5V Detecting Concentration:0.05-10mg/L Alcohol Analog and Digital Output Digital Out is High or Low based on a adjustable preset threshold",130,Sensors,MQ3 Sensor.jpeg,,S31,260,130,,4
44,MQ4 Sensor,"This is a very easy to use low cost semiconductor Gas sensor Module with analog and digital output. This module uses MQ4 Methane gas sensor as a gas sensing element. It requires no external components just plug in Vcc & ground pins and you are ready to go.For Digital output the threshold value can be easily set by an on-board potentiometer. Using this module you can easily interface MQ4 Methane (CNG) gas Sensor to any Microcontroller, Arduino or even Raspberry Pi.Since this Gas Sensor module is sensitive to Methane it is also small sensitivity to alcohol & smoke.",100,Sensors,MQ4 Sensor.jpeg,,S32,200,100,,1
45,MQ5 Sensor,"This Gas Sensor module is sensitive to LPG, natural Gas & Town Gas. it is also small sensitivity to alcohol & smoke.",130,Sensors,MQ5 Sensor.jpeg,,S33,260,130,,4
46,MQ6 Sensor,"The MQ-6 LPG – Isobutane – Propane Gas Sensor is a semiconductor gas sensor that detects the presence of LPG, Isobutane, and Propane gas at concentrations from 100 ppm to 10,000 ppm, a range suitable for detecting gas leaks. The sensor’s simple analog voltage interface requires only one analog input pin from your microcontroller. The MQ-6 LPG – Isobutane – Propane Gas Sensor detects the concentration of gas in the air and outputs its reading as an analog voltage. ",130,Sensors,MQ6 Sensor.jpeg,,S34,260,130,,2
47,MQ7 carbon monoxide gas sensor module,"It is mainly used to detect Carbon Monoxide. This sensor contains a sensing element, mainly aluminum-oxide based ceramic, coated with Tin dioxide (SnO2), enclosed in a stainless-steel mesh. Whenever CO gas comes into contact with the sensing element, the resistivity of the element changes. The change is then measured to get the concentration of the gases present. The MQ7 Sensor has a small heating element present which is needed to preheat the sensor to get it in the working window. It can detect Carbon Monoxide Gas in the range of 20 PPM to 2000 PPM in the air.",130,Sensors,MQ7 Sensor.jpeg,,S35,260,130,,5
48,MQ-8 Hydrogen Gas Sensor Module,"It is mainly used as a Hydrogen detects. This sensor contains a sensing element, mainly aluminum-oxide based ceramic, coated with Tin dioxide (SnO2), enclosed in a stainless-steel mesh. Whenever H2 gas comes into contact with the sensing element, the resistivity of the element changes. The change is then measured to get the concentration of the gases present. This hydrogen sensor has a small heating element present, which is needed to preheat the sensor to get it in the working window. It can detect the H2 gas in the concentration range of 100 to 1000ppm",130,Sensors,MQ8 Sensor.jpeg,,S36,260,130,,4
49,"MQ-135 Module (Ammonia, Sulphide and Benzene Gas Sensor)","MQ 135 Air Quality Detector Sensor Module For Arduino has lower conductivity in clean air. When the target combustible gas exists, the conductivity of the sensor is higher along with the gas concentration rising. Convert change of conductivity to the corresponding output signal of gas concentration. The MQ135 gas sensor has high sensitivity to Ammonia, Sulphide and Benzene steam, also sensitive to smoke and other harmful gases. It is with low cost and suitable for different applications such as harmful gases/smoke detection.",100,Sensors,MQ135 Sensor.jpeg,,S37,200,100,,5
50,PH Analog Sensor,"The Analog pH Sensor Kit is specially designed for Arduino controllers and has a built-in simple, convenient, and practical connection and features. It has an LED that works as the Power Indicator, a BNC connector, and a PH2.0 sensor interface. To use it, just connect the pH sensor with the BND connector, and plug the PH2.0 interface into the analog input port of any Arduino controller. If pre-programmed, you will get the pH value easily. Comes in a compact plastic box with foams for better mobile storage.",1800,Sensors,PH Analog Sensor.jpeg,,S38,3600,1800,,1
51,PIR Sensor Module HC-SR501,"The PIR Motion Sensor Detector Module HC-SR501 allows you to sense motion. It is almost always used to detect the motion of a human body within the sensor’s range. It is often referred to using “PIR”, “Pyroelectric”, “Passive Infrared” and “IR Motion” sensor. The module has an onboard pyroelectric sensor, conditioning circuitry, and a dome-shaped Fresnel lens. It has a delay time adjustment potentiometer and sensitivity adjustment Potentiometer. Repeat Trigger Selection Jumper is also available. Compatible with Arduino, raspberry pi, AVR, PIC 8051, etc.",70,Sensors,PIR Sensor Module HC-SR501.jpeg,,S39,140,70,,9
52,Analog TDS Sensor Module,"The commonly used TDS testing equipment is a TDS pen. Although it is inexpensive and easy to use, it cannot transmit data to the control system, do long-term online monitoring, and analyze the water quality. Using a special instrument, although the data can be transmitted, the accuracy is high, but the price is very expensive. To this end, we have specially introduced this Arduino-compatible TDS sensor, which can be used to measure the TDS value of water after connecting to the Arduino controller.
Designed for Arduino, this product is plug and play and easy to use. The wide voltage supply of 3.3~5.5V and the analog signal output of 0~2.3V make this product compatible with the 5V, 3.3V control system, which can be easily used in the ready-made control system.",535,Sensors,Analog TDS Sensor Module.jpeg,,S40,1070,535,,2
53,Turbidity Sensor with  Modules,"The Water Turbidity Sensor is designed to measure the turbidity of water, helping to detect suspended particles or pollutants in the water. This module provides an analog output that correlates with the water's turbidity level, making it ideal for water quality monitoring and environmental monitoring applications.",510,Sensors,Turbidity Sensor with  Module.jpeg,,S40A,1020,510,,1
54,Turbidity Sensor Suspended Turbidity Value Detection Module Kit,"The turbidity sensor detects water quality by measuring the levels of turbidity. It uses light to detect
suspended particles in water by measuring the light transmittance and scattering rate, which
changes with the amount of total suspended solids (TSS) in water. As the TTS increases, the liquid
turbidity level increases.
Turbidity sensors are used to measure water quality in rivers and streams, wastewater and effluent
measurements, control instrumentation for settling ponds, sediment transport research and
laboratory measurements.
This sensor provides analog and digital signal output modes. The threshold is adjustable when in
digital signal mode. You can select the mode according to your MCU.",700,Sensors,Turbidity Sensor Suspended Turbidity Value Detection Module Kit.jpeg,,S40B,1400,700,,2
55,Rain Drop Sensor Module,"Raindrop Sensor is a tool used for sensing rain. It consists of two modules, a rain board that detects the rain and a control module, which compares the analog value, and converts it to a digital value. The Rain Drop Sensor Module can be powered with +5V and has both digital and analog output pins. The digital pin will remain high when there is no rainfall or water present on the detection plate. When a slight amount of water is detected the digital pin will go low and remain there until the water is cleared. The Raindrops module also has an LED to indicate the output status of the sensor and a potentiometer to control the sensitivity of the sensor.",50,Sensors,Rain Drop Sensor Module.jpeg,,S41,100,50,,3
56,Soil Moisture Sensor Module,"The soil moisture sensor is commonly used in smart agriculture or other garden automation projects to measure the moisture content present in the soil. It consists of 4 pins in which two pins, Vcc and Gnd are connected to supply voltage. The remaining two pins are digital (D0) and analog (A0) are the output pins. When the moisture content present in the soil goes beyond the threshold level, the output of the digital pin (D0) will go low (the output of the digital pin is either logic 0 or 1). The threshold value of the sensor module can be set by varying the onboard potentiometer. The analog output pin can be used to calculate the approximate level of moisture content present in the soil.",30,Sensors,Soil Moisture Sensor Module.jpeg,,S42,60,30,,0
57,Capacitive Soil Moisture Sensor,"This capacitive soil moisture sensor measures soil moisture through a capacitive sensor, not a resistive sensor like other sensors on the market. It is made of anti-corrosion material, providing excellent service life. Attach it to the soil around your plants and impress your friends with real-time soil moisture data!
This module includes an integrated voltage regulator providing it with an operating voltage range of 3.3 ~ 5.5V. It is perfect for low voltage microcontrollers, both 3.3V and 5V. For compatibility with Raspberry Pi, an ADC adapter is required.",60,Sensors,Capacitive Soil Moisture Sensor.jpeg,,S42A,120,60,,1
58,INDASTIAL TEMPRATURE SENSOR,,,Sensors,,,S42B,,,,1
59,LM393 Sound Sensor Module,"The KY-037 Voice Recognition Sensor is a sound detection module that can be used to recognize sound and vibration. It includes a highly sensitive microphone and an LM393 comparator to provide both analog and digital outputs. The analog output (AO) provides a real-time voltage signal corresponding to the detected sound intensity, while the digital output (DO) gives a high or low signal when the sound intensity exceeds a predefined threshold. This module is useful for various applications, such as voice-activated projects, noise level monitoring, and sound-activated lighting systems.",40,Sensors,LM393 Sound Sensor Module.jpeg,,S43,80,40,,4
60,TTP223 1 Channel Capacitive Touch Sensor Module,The TTP223 touch sensor module can be easily used with microcontrollers like Arduino to act as a touch input. It can replace the boring push button with touch pads and is also easy to use. The module uses the TTP223 IC to detect the touch on a capacitive pad. This module is also available in red variant with lower price.,30,Sensors,TTP223 1 Channel Capacitive Touch Sensor Module.jpeg,,S44,60,30,,15
61,Ultrasonic Sensor Module - HC-SR04,"The Ultrasonic Sensor uses Ultrasonic waves to determine the distance of an object like Bats, hence it can be used as a distance measuring sensor. There are two Ultrasonic Transducers present in which one acts as a Transmitter which transmits a high frequency Ultrasonic signal and other acts as a receiver which will wait for the receiving of echo signal which gets reflected by any object in its path. The time between the two signals when divider by speed of sound gives us the distance of the object. Theoretically the sensor claims to have a measuring distance of 2cm to 400cm. However, a range up to 75-80cm can be easily achieved practically.",70,Sensors,Ultrasonic Sensor Module - HC-SR04.jpeg,,S45,140,70,,6
62,Voltage Sensor Module,This is a basic Voltage Detection Sensor module to measure the voltage across two terminals. The module operates in 5V and can measure voltage from 0V to 25V using a potential divider circuit. A pair of high precession resistors form a voltage divider circuit which converts the input 0-25V to 0-5V on the output pin of the sensor. This 0-5V can then be measured by a microcontroller like Arduino,50,Sensors,Voltage Sensor Module.jpeg,,S46,100,50,,5
63,ZMPT  Voltage Sensor Module,"The ZMPT101B AC Voltage Sensor Module is a high-precision voltage sensor designed for accurate AC voltage measurement in various DIY and electrical projects. It is compatible with platforms like Arduino, ESP8266, and Raspberry Pi, and provides essential features such as high galvanic isolation, wide voltage measurement range, and high accuracy. The module includes an onboard precision op-amp circuit that ensures precise signal sampling and compensation, making it suitable for metering, fault detection, and household or industrial applications. It can measure AC voltages up to 250V with an adjustable analog output",120,Sensors,ZMPT  Voltage Sensor Module.jpeg,,S46A,240,120,,2
64,Color Sensor Module,"The color detection sensor can operate between 3V to 5V and the object whose color has to be sensed should be placed within 1cm distance from the sensor. In the 8×8 Array of Photodiodes 16 are with Red filter, 16 are with Green filter, 16 are with Blue filter and  16 are with no filter. They are distributed evenly over the chip so to remove any location bias. By selectively choosing the photodiode filter’s readings, you’re able to detect the intensity of the different colors. The sensor has a current-to-frequency converter that converts the photodiodes’ readings into a square wave with a frequency that is proportional to the light intensity of the chosen color. This frequency is then, read by the Arduino.",450,Sensors,Color Sensor Module.jpeg,,O22,900,450,,2
65,1 channel 5V single Chanel Relay Module ,,,,1 channel 5V single Chanel Relay Module .jpeg,,,,,,
66,1 channel 5V Relay Control Board Module with Optocoupler,"This 1 channel 5V 10A relay control board module with optocoupler modules is compliant with international safety standards, control and load areas isolation trenches it has a single relay a genuine.
The inputs of 5V 1-Channel Relay 10A Relay Module are isolated to protect any delicate control circuitry.
The power supply and relay instructions, lit, a disconnect are off. The input signal, signal, common Terminal and start conducting. It can be used as a single chip module for appliance control and work with both DC or AC signals where you can control the 220V AC load.",45,Relays,,,M11,90,45,,3
67,1 channel 24V Relay Control Board Module with Optocoupler,"This 1 channel 24V 10A relay control board module with optocoupler modules is compliant with international safety standards, control and load areas isolation trenches it has a single relay a genuine. The inputs of 24V 1-Channel Relay 10A Relay Module are isolated to protect any delicate control circuitry. The power supply and relay instructions, lit, a disconnect are off. The input signal, signal, common Terminal and start conducting. It can be used as a single chip module for appliance control and work with both DC or AC signals where you can control the 220V AC load.",,Relays,1 channel 5V Relay Control Board Module with Optocoupler.jpeg,,M11A,,,,1
68,2 Channel 5V Relay Module With Optocoupler,"This is a 5V, 10A 2-Channel Relay interface board. It can be used to control various appliances, and other equipments with large current. It can be controlled directly with 3.3V or 5V logic signals from a microcontroller (Arduino, 8051, AVR, PIC, DSP, ARM, ARM, MSP430, TTL logic).

It has a 1x4 (2.54mm pitch) pin header for connecting power (5V and 0V), and for controlling the 2 relays.",80,Relays,2 Channel 5V Relay Module With Optocoupler.jpeg,,M12,160,80,,8
69,4 Channel Relay Module,"The 4 Channel Relay Module is a convenient board that can be used to control high voltage, high current loads such as motors, solenoid valves, lamps and AC loads. It is designed to interface with microcontrollers such as Arduino, PIC, etc.",140,Relays,4 Channel Relay Module.jpeg,,M13,280,140,,3
70,8 Channel Relay Module,"This is a 8-channel LOW level trigger relay and it can be applied to Arduino and Raspberry Pi. Relays are suitable for driving high power electronic devices such as lights, electric fans and air condition. A relay can be used to control high voltages with a low voltage by connecting it to an MCU.",260,Relays,8 Channel Relay Module.jpeg,,M13A,520,260,,1
71,SIM800L GSM Module,"This is Small SIM800L GPRS GSM Module Micro SIM Card Core Board Quad-band TTL Serial Port with the antenna, in this module two antennas have been included. SIM800L GSM/GPRS module is a miniature GSM modem, which can be integrated into a great number of IoT projects. You can use this module to accomplish almost anything a normal cell phone can; SMS text messages, make or receive phone calls, connecting to the internet through GPRS, TCP/IP, and more! To top it off, the module supports quad-band GSM/GPRS network, meaning it works pretty much anywhere in the world.",,Modules,SIM800L GSM Module.jpeg,,M14,,,,6
72,SIM800C GSM Module,"Discover a world of possibilities with the GSM Module GPRS SMS Voice Phone Development Board SIM800C. Designed to fulfill the needs of IoT, mobile communication, and remote monitoring projects, this development board provides unmatched functionality and performance.",760,Modules,SIM800C GSM Module.jpeg,,M15,1520,760,,0
73,EM18 RFID Module,"EM18 RFID Reader is a module which reads the ID information stored in RFID TAGS. This ID information is unique for every TAG which cannot be copied. Working frequency is 125KHz for EM18 TAGS and these tags are READ only , you cannot write on these tags.",,Modules,EM18 RFID Module.jpeg,,M16,,,,0
74,Laser Sensor Module,"LASER MODULE 650NM 5V is a compact and efficient laser module suitable for a variety of applications. It is widely used in DIY electronics projects, robotics, alignment systems, and educational projects due to its simple design and ease of integration.",,Modules,Laser Sensor Module.jpeg,,M16A,,,,2
75,HC-05 Bluetooth Module,"The IoT enabled projects require two way communication between the microcontroller and various sensors. There are various methods you can do that, Wired Communication, WiFi, Bluetooth are some among them. The HC-05 Bluetooth Module adds wireless communication to your project to communicate via Bluetooth to any Bluetooth enabled Laptop or Mobile Device. The module communicates at 9600 baud rate via USART protocol. It can be used in applications like communication between two microcontrollers, data logging, wireless robots, wireless sensors data acquisition and home automation.",190,Modules,HC-05 Bluetooth Module.jpeg,,M17,380,190,,2
76,ADS1115 Module,"For microcontrollers without an analog-to-digital converter or when you want a higher-precision ADC, the ADS1115 provides 16-bit precision at 860 samples/second over I2C. The chip can be configured as 4 single-ended input channels, or two differential channels. As a nice bonus, it even includes a programmable gain amplifier, up to x16, to help boost up smaller single/differential signals to the full range.",145,Modules,ADS1115 Module.jpeg,,M18,290,145,,5
77,PCF8575 Remote 16 Bits I2C IIC SMBus I/O Expander Module,"The PCF8575 is a versatile 16-bit I/O expander module that communicates over the I2C or SMBus interface. It allows microcontrollers with limited GPIO pins to expand their I/O capabilities significantly by adding 16 extra digital input/output pins. This makes it ideal for applications such as keypads, sensors, LEDs, relays, and other digital peripherals. The module supports multiple address configurations, allowing up to eight devices to operate on the same bus. Its efficient design and low power consumption make it suitable for embedded and IoT applications.",50,Modules,PCF8575 Remote 16 Bits I2C IIC SMBus IO Expander Module.jpeg,,M18A,100,50,,1
78,Micro SD Card Reader Module,"SD cards are often used along with microcontrollers to store and retrieve the huge amount of data, mostly in data logging or visualization applications. This SD card module will help us to easily Interface an SD card with Microcontrollers.",50,Modules,Micro SD Card Reader Module.jpeg,,M19,100,50,,4
79, 5KG LOAD CELL MODULE ,"To measure weight and load of any object we use strain gauges but problem with using standalone strain gauge is that they are fragile and are easily bent and break if not used in proper enclosure. This load cell made up of aluminium alloy can measure upto 5 kg load and outputs in the form of electrical signals proportionally. This sensor will use a HX711 Analog to Digital signal converter, it is easy to use with driving voltage 5-10V and produce the output voltage as per the force changes over it, to read and send the data to the microcontroller or development board you are using as the analog signal from the load cell is too small to be read easily. They are used in Platform scales, Electronic weighing machines, belt scales",130,Modules,5KG Load Cell.jpeg,,M20,260,130,,6
80, 40KG LOAD CELL MODULE ,"The 613 N load cell sensor is engineered for precise weight measurement within a range of 40 kg. This screw-fastened model ensures easy installation and robust stability in various applications. With high output sensitivity and minimal drift, it delivers accurate readings consistently. Compact in design, this load cell is perfect for integration into equipment where space is limited, making it an excellent choice for industrial and commercial use",130,Modules,40KG Load Cell.jpeg,,M20A,260,130,,
81,DS3231 RTC Module Without Coin Cell (AT24C32),"The DS3231 RTC module is a low-cost real-time clock that is commonly used with microcontrollers to keep track of real-world Date and Time. The module consists of two important ICs namely DS3231 and AT24C32 IC with a crystal oscillator, and a temperature sensor. The Time, Date and Temperature value from the module can be sent to a microcontroller like Arduino via I2C communication. This RTC Module with also available with battery.",75,Modules,DS3231 RTC Module Without Coin Cell (AT24C32).jpeg,,M21,150,75,,4
82,DS1307 Real-Time Clock RTC I2C Module AT24C32 ,"The DS1307 RTC Module is a low-power real-time clock designed for precise timekeeping. It keeps track of seconds, minutes, hours, day, date, month, and year, with automatic leap-year correction. The module communicates using the I2C interface, making it compatible with microcontrollers like Arduino, Raspberry Pi, and ESP8266. Additionally, it features an AT24C32 EEPROM for extra data storage and includes a CR2032 battery to retain timekeeping even when power is lost.",,,DS1307 Real-Time Clock RTC I2C Module AT24C32.jpeg,,,,,,
83,RTC CELL,Maxell CR2032 Lithium Manganese Dioxide Battery is an excellent choice for RTC or Computer Battery that supports relatively high capacity and low cutoff voltage than its counterparts. These 3V batteries have 220mAH of capacity with a standard discharge current of 0.2mA. This battery can be utilized upto 2.0V cutoff voltage. That means this battery could discharge fully upto 2.0V cutoff. The tentative discharge time for this battery is 800 hours approximately for a load of 10kOhms and 1250 hours for 15kOhms load. This battery has a 20mm diameter with 3.2mm of thickness (Height).,40,Miscellaneous,RTC CELL.jpeg,,M21A,80,40,,5
84,Ai Thinker Lora Module (RA-02) - 433Mhz,"When you want to send the data to long distances in range of thousands of meters with reasonably fast speed in range of hundreds of kbps and your requirement needs you to connect to multiple nodes at once. This LoRa-02 module is the most suitable for these applications as it employs spread spectrum technique technology to communicate with other modules, it is also very power efficient as it resists minimize current consumption. The LoRa thinker module is developed by AI-THINKER Technology which thanks to its LoRa modulation technology, has high sensitivity of -148dBm with a power output of +20dBm along with high transmission range and bulletproof reliability. It communicates with your controller with half duplex SPI communication with programmable bit rate of upto 300kbps. To protect it from stray magnetic fields it has a shielded housing. You can use it for IoT projects, smart homes, burglar alarms etc.",,Modules,Ai Thinker Lora Module (RA-02) - 433Mhz.jpeg,,M22,,,,0
85,NRF24L01 Transceiver Module,"Radio Frequency Modules are mostly used to add wireless capability to your project, you can use Wi-Fi modules or Bluetooth modules also but Radio Frequency modules will provide a longer range without the need of the internet and hence commonly used for RC control. This 2400 MHz RF Transceiver Module is ultra-low power RF transceiver IC for the ISM (Industrial Scientific and Medical) band. The nRF Module has a transmission range of about 200m. It communicates with SPI communication protocols. The nRF24L01 module is used in many applications like communication between two devices directly, home automation, wireless alarm systems, Robot control and monitoring systems, Remote sensing of temperatures and pressures or any sensor output, etc.",,Modules,NRF24L01 Transceiver Module.jpeg,,M22A,,,,0
86,STEP UP MODULE XL6009,"Voltage levels in AC can be changed much easier than in case of DC and with much more efficiency, it was one of the deciding factors in war of Currents between Edison and Tesla. But, with this XL6009 DC-DC Boost Converter is capable of driving a load current of upto 3A with excellent load and line regulation. This module operates at the frequency of 400kHz so the filter components are comparatively smaller compared to the other low frequency switching regulators. It can provide efficiency up to 92% which is very good for a switching regulator and its small size allows it to be used in portable electronics. It can be used in Battery charging circuits, Low power motor speed control circuits, Automotive applications etc.",55,Modules,STEP UP MODULE XL6009 .jpg,,M23,110,55,,3
87,STEP DOWN MODULW LM2596,"This is a DC-DC step-down buck converter power supply module based on the LM2596 Buck Converter IC. Most of the sensors, Development Boards like Arduino, Raspberry Pi, and PIC Controllers work on either 5V or 3.3V, most commonly available battery we have with us is 9V or 12V lead-acid batteries so it is essential that we supply the components with correct voltage, otherwise, they may misbehave or simply not work at all. Also, fluctuations in power supply will result in errors and garbage data from the sensors. It may also corrupt the SD card on which you are writing the data or cause your program to misbehave. This LM2596S module has an input voltage from 4V to 35V and stepped down-regulated output voltage from 1.25V to 30V. It operates on 150kHz switching frequency. The output voltage can be set by rotating the on-board blue color potentiometer. The main advantage of this module is that it can provide a high output current of up to 3A so that you can even connect small motors to it without thinking much but keep an eye on the heat dissipation of the module.",50,Modules,Step Down Module LM2596.jpeg,,M24,100,50,,5
88,CP2102 USB 2.0 to UART TTL Converter Module,"This USB to TTL adapter is based on the CP2102 USB to TTL serial converter IC. It is commonly used when microcontrollers like Arduino, Raspberry Pi, PIC etc have to communicate with computers through serial communication. As USB has DATA lines D+ and D- that can be connected and routed by CMOS switches. The USB can be connected to many peripheral devices and has a very fast speed of data transfer also it is used with Windows, Mac or any other operating system. On the other hand, Arduino and other microcontrollers works on UART data transfer protocol i.e. TTL logic level data transfer protocol it only works on 0V or 5V logic levels. That is why we need a USB to TTL serial converter IC so that Arduino or any other controller which work on UART protocol can be connected to the computer. It can also be used to program and or communicate with a GPS/GSM module through AT commands. The module supports both 3.3V and 5V interface.",,Modules,CP2102 USB 2.0 TO UART TTL Converter Module.jpeg,,M25,,,,2
89,FTDI232 FTDI Serial Adapter Module,"The FT232RL module is a small USB to TTL converter and used with different Arduino boards. The TTL is used to program Arduino boards. This has Six pins where the pins are used to communicate with other microcontrollers. The TTL converter has Data transfer rates from 300 baud to 3 Mbaud (RS422, RS485, RS232) at TTL levels.",110,Modules,RS232 to TTL Serial Interface Module.jpeg,,M25A,220,110,,3
90,RC522 RFID  Reader Writer Module,The Package includes a RC522 Reader/Write module with a RFID card and RFID keychain. The RC522 operates on 13.56MHz enabling two way (read and write) contact less communication with a transmission rate up to 424 Kbit/s. It also supports the ISO 14443A/MIFARE standards. It is commonly used in attendance systems and security systems to provide authorization. The specifications of the module are given below.,90,Modules,RC522 RFID Reader Writer Module.jpeg,,M26,180,90,,1
91,RS232 to TTL Serial Interface Module,"This RS232 to TTL Serial Interface Module is a board with the MAX3232 transceiver integrated circuit (IC). It facilitates serial communication between TTL and RS232 ports by providing the necessary electrical signal conversion.
These boards usually have a DB9 connector soldered at one end, and four header pins with jumper cables at the other end. The jumper cables enable the user to connect the wires to a breadboard or a microcontroller project board, whilst the DB9 connects directly to a COM port of a computer.
The MAX3232CSE+ IC, which comes in a 16 pin narrow SO package. It requires between 3.0 V to 5.5 V to operate and has two receivers and two transmitters. It has a maximum guaranteed data rate of 120 kbps, and the circuitry requires four 0.1µF charge-pump support capacitors. It is also compatible with the famous MAX3232 IC pins. These boards connect to systems with a UART  hence, they work with ATMEL and PIC microcontrollers.",,Modules,RS232 to TTL Serial Interface Module.jpeg,,M27,,,,0
92,RS485 to TTL Serial Port Converter Adapter Communication Module,"The TTL to RS485 Module, RS485 to TTL signal with Automatic Flow Control is a versatile device designed to facilitate seamless communication between TTL and RS485 signals. It simplifies the conversion process, making it as straightforward as operating a standard serial port. This module is compatible with both 3.3V and 5.0V power supplies and signals, offering flexibility in various applications.",,Modules,RS485 to TTL Serial Port Converter Adapter Communication Module.jpeg,,M28,,,,0
93,BMP180 Digital Barometric Pressure Sensor Module,"The BMP180 barometric sensor module (model GY-68) is a high precision sensor that can measure not only air pressure but also the temperature since temperature changes the density of air, so we need to compensate our readings for temperature change. Atmospheric pressure is nothing but the weight of air at that particular height per unit area. It is a very small module with dimensions being 1mm x 1.1mm (0.039in x 0.043in). It measures the absolute pressure of the air around it. It has a measuring range from 300 to 1100 hPa with an accuracy down to 0.02 hPa. It can also measure altitude and temperature and provide the data in digital form, which can be read with the I2C protocol. This module can be used in indoor navigation, sports devices, GPS, Weather Forecast, and Vertical velocity indication, etc.",50,Sensors,bmp180-barometric-pressure-sensor.jpg,,M29,100,50,,9
94,MPU-6050 Triple-Axis Accelerometer & Gyroscope Module,"The MPU6050 is an IMU (Inertial Estimation Unit) sensor, a portion of the Micro-Electro-Mechanical Systems (MEMS) family. It highlights a 3-axis accelerometer and a 3-axis gyroscope. The MPU-6050 module in addition called a magnetometer sensor. It can identify acceleration up in three measurements (X, Y, and Z) and also measure angular velocity around those axes. This motion-tracking device is often used in applications such as detecting the orientation of a device, detecting movement, and measuring angular velocity. The Inertial measurement unit sensor contains some additional circuitry for interfacing with a microcontroller or other device. The MPU6050 offers precise tracking for both quick and gradual movements. It includes a user-programmable gyroscope with a full-scale range of ±250, ±500, ±1000, and ±2000°/sec (DPS). Additionally, it features a user-programmable accelerometer with a full-scale range of ±2g, ±4g, ±8g, and ±16g.",130,Sensors,MPU-6050 Triple-Axis Accelerometer & Gyroscope Module.jpeg,,M29A,260,130,,3
95,TP4056 Battery Charger C Type Module with Protection,"The TP4056 is a complete constant-current/constant-voltage linear charger for single cell lithium-ion batteries. Its SOP package and low external component count make the TP4056 ideally suited for portable applications. The TP4056 can work with USB and wall adapter. No blocking diode is required due to the internal PMOSFET architecture and have prevent to negative Charge Current Circuit. Thermal feedback regulates the charge current to limit the die temperature during high power operation or high ambient temperature. The charge voltage is fixed at 4.2V, and the charge current can be programmed externally with a single resistor. The TP4056 automatically terminates the charge cycle when the charge current drops to 1/10th the programmed value after the final float voltage is reached.

",25,Modules,TP4056 Battery Charger C Type Module with Protection.jpeg,,M30,50,25,,5
96, TP4050 Mini USB Battery Charger e-274 ,"This TP4056 1A Li-ion Lithium Battery Charging Module with Current Protection – Mini USB is a tiny module, perfect for charging single cell 3.7V 1 Ah or higher lithium ion (Li-Ion) cells such as 16550s that don’t have their own protection circuit. Based on the TP4056 charger IC and DW01 battery protection IC this module will offer 1A charge current then cut off when finished. Furthermore, when the battery voltage drops below 2.4V the protection IC will switch the load off to protect the cell from running at too low of a voltage – and also protects against over-voltage and reverse polarity connection (it will usually destroy itself instead of the battery) however please check you have it connected correctly the first time",,,TP4050 Mini USB Battery Charger e-274 .jpg,,,,,,
97,MT8870 DTMF DECODER MODULE,"MT8870 DTMF Decoder Module is a very tiny module that is based on MT8870 DTMF decoder ic. The module offers a 3.5mm audio connector to connect an audio source. The DTMF Signal in the audio source is decoded and the digital outputs on the module, indicate the key pressed. You may connect a phone to the module and the module will output the key(0-9, *, #, A, B, C or D)pressed on the audio source. This module is suitable for modem interfaces, mobile radios and other DTMF related applications. Can be used to build mobile controlled robots, home automation projects, IVR style applications, etc This component is ideally suited to adding dual tone multi-frequency (DTMF) decoding to your project. This detection module interprets the incoming tone and produces a coded output that can be connected to all manner of microcontrollers. 
",100,Modules,MT8870 DTMF DECODER MODULE.jpg,,M30A,200,100,,1
98,5V Step-Up Power Module Lithium Battery Charging Protection Board USB For DIY Charger 134N3P,This is 5V Step-Up Power Module Lithium Battery Charging Protection Board USB For DIY Charger 134N3P. It’s a Lithium Battery Charging Protection Board Boost Converter LED Display USB For DIY Charger 134N3P & High-Quality USB iron with Cheap display port video card and Integrated Circuits.,,Modules,5v-step-up-power-module-lithium-battery-charging.jpg,,M30B,,,,
99,ESP01 MODULE,"This is a BIGTEETECH ESP-01S WIFI Module ESP8266 for SKR Octopus Control Board. ESP-01S  WIFI Module BIGTREETECH ESP8266 is a highly integrated chip and with the pre-flashed AT firmware, you can control the module through UART AT commands easily. The module integrates MCU inside, supports other developments like Lua/ Micro python/ Arduino to achieve flexible and fast prototyping, make it easy to integrate the module into IoT applications.This BIGTEETECH ESP-01S WIFI Module ESP8266 wireless module is designed to provide your device with a reliable and secure connection to Wi-Fi networks. It features an ESP8266 chip that supports 802.11 b/g/n standards and can reach speeds of up to 150 Mbps. The module also supports multiple security protocols, including WPA/WPA2, WEP, and WPA-PSK/WPA2-PSK. With its small size and low power consumption, this module is an ideal choice for your BIGTREETECH SKR Pro or TFT35.

",100,Modules,ESP01-wifi-module.jpg,,M31,200,100,,4
100,Micro USB to DIP Adapter Board,"MCU-Micro USB Breadboard 5V Power Supply Module 5Pin Female Connector B type PCB Converter. This breakout board is great for interfacing USB Signals with your custom-designed microcontroller boards. It also is useful if all you want is access to 5V USB power for your prototype circuits such as breadboards, perforated boards or Vero boards.",20,Modules,Micro USB to DIP Adapter Board.jpg,,M31A,40,20,,3
101,I2C MODULE,"This is a RoHS compliant I2C Serial LCD Daughter board that can be connected to a standard 16×2 or 20×4 Character Display Module that supports 4-bit mode. All Character Modules sold on our site support 4-bit mode, and nearly all commercially available 16×2 and 20×4 line character modules support it too. This board has a PCF8574 I2C chip that converts I2C serial data to parallel data for the LCD display. There are many examples on the internet for using this board with Arduino. Do a search for “Arduino LCD PCF8574“. The I2C address is 0x3F by default, but this can be changed via 3 solder jumpers provided on the board. This allows up to 3 LCD displays to be controlled via a single I2C bus (giving each one it’s own address)",65,Modules,I2C Module 16x2 lcd.jpg,,M32,130,65,,8
102,OLED Display Module,"Introducing the 0.96″ OLED Display Module. This display also provide a resolution of 128×64 pixels for clear visuals for your application. With its SPI/I2C interface and 7-pin design, it also offer flexibility and ease use in your project. Experience convenience and efficiency with the 0.96-inch SPI/I2C 7Pin OLED Display, designed for smooth communication and operation. Whether you’re working with Arduino, Raspberry Pi, or other microcontroller platform, this display module also ensure compatibility and reliability. Its compact size and blue OLED display add a touch of sophistication to your DIY electronics projects.",145,Displays,OLED Display.jpg,,M33,290,145,,5
103,16x2 LCD Display,"This is LCD 1602 Parallel LCD Display that provides a simple and cost-effective solution for adding a 16×2 White on Liquid Crystal Display into your project. The display is 16 character by 2 line display has a very clear and high contrast white text upon a blue background/backlight. This is great blue backlight LCD display. It is fantastic for Arduino based project. This LCD1602 LCD Display is very easy to interface with Arduino or Other Microcontrollers. This display overcomes the drawback of LCD 1602 Parallel LCD Display in which you’ll waste about 8 Pins on your Arduino for the display to get working. Luckily in this product, an I2C adapter is directly soldered right onto the pins of the display. So all you need to connect are the I2C pins, which shows a good library and little of coding.",100,Displays,16x2 LCD Display.jpg,,M34,200,100,,8
104,20x4 LCD Display,"If you want to add some visual output to your Arduino projects, you’ll need a display. If you need moderate data on display, the LCD2004 Parallel LCD Display is a quite good solution.This is LCD2004 Parallel LCD Display that provides a simple and cost-effective solution for adding a 20×4 Black on RGB Liquid Crystal Display into your project. The display is 20 character by 4 line display has a very clear and high contrast black text upon a yellow background/backlight.",360,Displays,20x4 LCD Display.jpg,,M34A,720,360,,0
105,433 MHZ RF Modules TX & RX PAIR,"This hybrid RF Transceiver Module provides a complete RF transmitter and receiver module solution which can be used to transmit data at up to 3KHz from any standard CMOS/TTL source. The transmitter module is very simple to operate and offers low current consumption (typical. 11mA). Data can be supplied directly from a microprocessor or encoding device, thus keeping the component count down and ensuring a low hardware cost. The RX – ASK is an ASK Hybrid receiver module. The RF Transmitter Receiver Module is an effective low-cost solution for using 433 MHz. The TX-ASK is an ASK hybrid transmitter module. TX-ASK is designed by the saw resonator, with an effective low cost, small size and simple to use for designing.",,Modules,433 MHZ RF Modules TX & RX PAIR.jpg,,M35,,,,0
106,WIRLESS CHARGING MODULE,,,Modules,,,M36,,,,
107,L298N 2A Motor Driver Module,"A microcontroller that normally operates on 5V or 3.3V cannot be directly used to control a DC motor operating on higher voltage and current rating. This is why we commonly use Motor Driver modules like the L293D Motor Driver Module and the L298N Motor Driver Module. While the L293D motor driver module can be used for basic low current application the L298N Motor driver module is a high current motor driver with some additional features that are commonly used with Arduino and Raspberry Pi for Robotics applications. The L298N Motor Driver module is based on the L298 Dual Full-Bridge Driver IC and can control the speed and direction of two DC motors (Motor A and Motor B) simultaneously. The voltage rating of these motors can be between 5V to 35V and the peak current value can be up to 2A. The pins Enable A and Enable B are used to set the speed of the motor. By default, there will be jumper pins connected to both Enable A and B to make them high (5V), this way the motors will rotate at maximum speed. You can adjust the speed of the motors by removing the jumper and providing a variable voltage between 0V to 5V by using a PWM signal.",100,Modules,L298N-motor-driver-module.jpg,,M37,200,100,,2
108,L293D Motor Driver/Servo Shield for Arduino,"The L293D Motor Driver/Servo Shield for Arduino is probably one of the most versatile on the market and features 2 servo and 4 motor connectors for DC or stepper motors. That makes it a great shield for any robotic project. This Arduino compatible motor Driver shield is a full-featured product that it can be used to drive 4 DC motor or two 4-wire steppers and two 5v servos. It drives the DC motor and stepper with the L293D, and it drives the servo with Arduino pin9 and pin10. The shield contains two L293D motor drivers and one 74HC595 shift register. The shift register expands 3 pins of the Arduino to 8 pins to control the direction of the motor drivers. The output enables the L293D is directly connected to the PWM outputs of the Arduino.",120,Modules,L293D Motor Driver .jpg,,M38,240,120,,1
109,L293D MOTOR DRIVER MODULE,,,Modules,,,M38A,,,,0
110,ULN2003 Stepper Motor Driver,"ULN2003 Stepper Motor Driver Board uses the ULN2003 DARLINGTON ARRAYS to drive the 4-phase 5-wire stepper motor (5v-12v). It’s easy to use Arduino or another development platform to drive the stepper motor by this diver board.                                                                                                      The 5 Line 4 Phase can be driven by an ordinary ULN2003 chip can also be connected in the phase 2 development board used for supporting the use of a direct plug and easy to use stepper motor used in the development board. A, B, C, D four-phase LED indicates the status of the stepper motor work.",40,Modules,ULN2003 Stepper Motor Driver.jpg,,M39,80,40,,3
111,DIGITAL VOLTMETER,,,Modules,,,M40,,,,0
112,NEO 6M GPS Module,"If you are wandering to navigate the distance with a drone then this GPS Module is needed for you. GPS drones are equipped with a GPS module that allows them to know their location relative to a network of orbiting satellites. Connecting to signals from these satellites allows the drone to perform functions such as position hold, autonomous flight, return to home, and waypoint navigation.                                                                                            This is a complete GPS module that is based on the NEO 6M GPS. This unit uses the latest technology to give the best possible positioning information and includes a larger built-in 25 x 25mm active GPS antenna with a UART TTL socket. A battery is also included so that you can obtain a GPS lock faster. This is an updated GPS module that can be used with ardupilot mega v2. This GPS module gives the best possible position information, allowing for better performance with your Ardupilot or other Multirotor control platform.",230,Modules,NEO 6M GPS Module.jpg,,M41,460,230,,5
113,4*4 KEYPAD,This 4×4 Membrane is a high-quality soft-touch feeling button keypad with 100 million life-stroke lifespans and good resistance to environmental conditions. This 4×4 Membrane Keypad is a high-quality product at a very low cost for your application needs.                                                                 This 16-button keypad provides a useful human interface component for microcontroller projects. Convenient adhesive backing provides a simple way to mount the keypad in a variety of applications.                                                                                                                                                                       The Keypad 4×4 features a total of 16 buttons in Matrix form. This is a membrane keypad with no moving parts. A female 8-pin berg connector is require for interfacing it with your microcontroller circuits.,55,Keypad,4x4 Matrix Keypad.jpg,,M42,110,55,,4
114,4*3 KEYPAD,"This DC 12V 4×3 Matrix 12 keys Membrane Switch Keypad is high-quality soft touch feeling button keypad with 100 million life-stroke lifespans and good resistance to environmental conditions.                                                                                                                                                                                      This DC 12V 4×3 Key Matrix Membrane Switch Keypad is a high-quality product at very low cost for your application needs.

This 12-button keypad provides a useful human interface component for microcontroller projects. Convenient adhesive backing provides a simple way to mount the keypad in a variety of applications.",,Keypad,4x3 Keypad.jpg,,M42A,,,,0
115,5V RELAY QUBE,"This is the 5V relay most commonly used as switching device in electronic circuits. It is mainly used in Commonly switching circuits, For Home Automation projects to switch AC loads, To Control (On/Off) Heavy loads at a pre-determined time/condition, Used in safety circuits to disconnect the load from supply in event of failure, Used in Automobiles electronics for controlling indicators glass motors.",50,Relays,,,M43,100,50,,15
116,12V RELAY QUBE,,,Relays,,,M44,,,,0
117,USB Microphone,"Raspberry Pi USB Plug and Play Desktop Microphone is USB Microphone that offers compatibility with any plug-and-play enabled Raspberry Pi Model B+, 2 model B, Raspberry Pi 3 as wells as it is also Compatible with PC and Mac, Ideal for Chatting on Skype for video chat or useful for the recording of sound. The Mic has advanced digital USB provides superior clarity with the simplicity of a single USB plug – and – play connection. Microphone pivots on base to hold preferred position",260,miscellaneous,USB Microphone.jpg,,M45,520,260,,1
122,ISD1820 Voice Recording Module With Mic and Loud Speaker | SMD vers,,150,Modules,ISD1820-voice-recording.jpg,,M45A,300,150,,1
123,Microphones 9mm Condenser Microphone Sound Sensor,,20,Sensors,Microphones 9mm Condenser Microphone Sound Sensors.jpg,,M45B,40,20,,32
124,INMP SOUND SENSOR,,220,Sensors,,,M45C,440,220,,1
125,6-12V Piezo Buzzer,,,miscellaneous,,,M45D,,,,2
126,"TEC1-12706 Thermoelectric Peltier Cooler Module
",,150,Sensors,,,M46,300,150,,4
127,2pin Relimate Connector (Male+Female set),,,Connector,,,B11,,,,"W,F-50, M-0, GRAY F-30, M-0"
128,3 Pin Female To Female Relimate Connector,,,Connector,,,B11A,,,,"W, F-5, M- 30,, GRAY F-15, M-0"
129,4 PIN RELIMATE,,,Connector,,,B12,,,,"W, F-30,M-30"
130,5 PIN RELIMATE,,,Connector,,,B12A,,,,"W , F-10, M-10"
131,6 PIN RELIMATE,,,Connector,,,B13,,,,"G, F-2 , M-0"
132,7 PIN RELIMATE,,,Connector,,,B13A,,,,"G , F-21, M-21"
133,8 PIN RELIMATE,,,Connector,,,B14,,,,"G, F-42 ,M-30"
134,12 PIN RELIMATE,,,Connector,,,B15,,,,0
136,16 PIN RELIMATE,,,Connector,,,B15A,,,,"W, F-20, M-22"
137,3.5 RPM DC MOTOR,,200,Motors,,,B16,400,200,,8
138,"Dummy WHEEL
",,35,Motors,,,B16A,70,35,,12
139,12V 10RPM Geared DC Motor,,250,Motors,,,B17,500,250,,1
140,30 RPM 12V Centre Shaft DC Geared Motor,,140,Motors,,,B18,500,140,,0
141,60 RPM DC MOTOR 12V,,250,Motors,,,B19,500,250,,2
142,100 RPM DC MOTOR,,140,Motors,,,B20,280,140,,11
143,,,,Motors,,,B21,,,,
144,BO MOTOR,,60,Motors,,,B22,120,60,,6
145,TOY MOTOR,,20,Motors,,,B23,40,20,,5
146,N20 MOTOR,,155,Motors,,,B23A,310,155,,4
147,200 RPM DC MOTOR,,140,Motors,,,B24,280,140,,0
148,300 RPM DC MOTOR,,140,Motors,,,B25,280,140,,0
150,500 RPM DC MOTOR,,140,Motors,,,B25A,280,140,,1
151,DC PUMP,,,Motors,,,B26,,,,0
152,BLDC MOTOR 1000KVA,,600,Motors,,,B27,1200,600,,2
153,SIMONK30ESC,,350,Miscellaneous,,,B27A,700,350,,1
154,5V STEPPER MOTOT,,110,Motors,,,B28,220,110,,4
155,SG90 SERVO MOTOR,,100,Motors,,,B29,200,100,,2
156,PCA9685 16-Channel 12-bit PWM/Servo Driver,,,Miscellaneous,,,B29A,,,,4
157,MG995 SERVO MOTOR,,250,Motors,,,B30,500,250,,0
158,MG996R SERVO MOTOR,,250,Motors,,,B30A,500,250,,9
159,MG90S SERVO MOTOR,,,Motors,,,B30B,,,,4
160,CLUSTER WHEEL,,,Wheels,,,B31,,,,7
161,BO MOTOR WHEEL,,35,Wheels,,,B32,70,35,,16
162,DC MOTOR WHEEL,,,Wheels,,,B33,,,,8
164,AQUA PUMP,,,Miscellaneous,,,B34,,,,
165,METAL STUDD,,,Miscellaneous,,,B35,,,,
166,12 V BIDC FAN,,90,Miscellaneous,,,B36,180,90,,3
167,5V BIDC FAN,,70,Miscellaneous,,,B36A,140,70,,
168,VALUE SOLENOID,,285,Miscellaneous,,,B37,570,285,,1
169,12 V LED,,,LED,,,B38,,,,12
170,PVC HEATSINK SLIVES,,,Miscellaneous,,,B39,,,,
171,ANTENNA,,,Miscellaneous,,,B40,,,,
172,ARDUINO UNO SMD,,200,Development Boards,,,C11,400,200,,3
173,ARDUINO UNO DIP,,390,Development Boards,,,C11A,780,390,,5
174,PRO MINI,,185,Development Boards,,,C11B,370,185,,2
175,ARDUINO NANO,,200,Development Boards,,,C12,400,200,,4
176,ARDUINO MEGA,,1170,Development Boards,,,C13,2340,1170,,1
178,ESP32 -30 PIN,,,Development Boards,,,C14,,,,1
179,ESP CAM MODULE,,760,Development Boards,,,C14A,1520,760,,0
180,ESP 32 C3,,560,Development Boards,,,C14B,1120,560,,1
181,ENC28J60,,,Development Boards,,,C14B,,,,3
182,NODE MCU CPU 02,,270,Development Boards,,,C15,540,270,,5
183,RASPBERRY PI,,,Development Boards,,,C16,,,,
184,UNO CABLE,,35,Cables,,,C21,70,35,,9
185,NANO CABLE,,35,Cables,,,C22,70,35,,10
186,ESP32 CABLE,,,Cables,,,C23,,,,35
187,LI-ION CELL,,,Miscellaneous,,,C24,,,,139
188,3 CELL BATTERY HOLDER,,,Miscellaneous,,,C24A,,,,6
189,2 CELL BATTERY HOLDER,,,Miscellaneous,,,C24B,,,,2
190,1 CELL BATTERY HOLDER,,,Miscellaneous,,,C24C,,,,3
192,MAINS SCORD,,30,Cables,,,C25,60,30,,"2, 12"
193,HDMI CABLE,,,Cables,,,C26,,,,
194,33PF 50V CAPACOTIOR,,,Miscellaneous,,,C31,,,,1000
195,0.001 UF 50V CAP,,,Miscellaneous,,,C31A,,,,200
196,0.01UF 50V CAP,,,Miscellaneous,,,C31B,,,,200
197,0.1 UF 50V CAP,,,Miscellaneous,,,C31C,,,,200
198,100 PF 50V,,,Miscellaneous,,,C31D,,,,1000
199,C31CAP01 O.OO1 UF 50V,,,Miscellaneous,,,C31E,,,,1000
200,22 PF 50V,,,Miscellaneous,,,C31F,,,,15
201,100 PF 50V,,,Miscellaneous,,,C31G,,,,300
202,1 UF CAP,,,Miscellaneous,,,C32,,,,1000
203,2.2 UF CAP,,,Miscellaneous,,,C33,,,,500
204,4.7 UF CAP,,,Miscellaneous,,,C34,,,,500
206,10 UF CAP,,,Miscellaneous,,,C35,,,,220
207,22UF CAP,,,Miscellaneous,,,C36,,,,500
208,100UF CAP,,,Miscellaneous,,,C37,,,,39
209,470 UF CAP,,,Miscellaneous,,,C38,,,,1000
210,1000UF CAP,,,Miscellaneous,,,C39,,,,65
211,BC547,,,Miscellaneous,,,C40,,,,300
212,BC558,,,Miscellaneous,,,C41,,,,900
213,2N2222,,,Miscellaneous,,,C42,,,,300
214,LIMITE SWITCH,,,Switches,,,C43,,,,43
215,ON OFF SWITCH BIG 2 PIN,,,Switches,,,C43A,,,,0
216,ON OFF SWITCH BIG 3 PIN,,,Switches,,,C43B,,,,13
217,ON OFF SWITCH SMALL 2 PIN,,,Switches,,,C43C,,,,40
218,DC JACK,,10,Miscellaneous,,,C44,20,10,,22
220,DC PIN MALE,,15,Miscellaneous,,,C44A,30,15,,16
221,DC PIN FEMALE,,15,Miscellaneous,,,C44B,30,15,,3
222,BUZZER,,,Miscellaneous,,,C45,,,,41
223,GLUSTICK,,,Miscellaneous,,,C46,,,,40
224,9V BATTERY,,25,Battery,,,C47,50,25,,17
225,9V BATTERY CAP,,10,Battery,,,C47A,20,10,,13
226,SPEAKER,,,Miscellaneous,,,C48,,,,40
227,RED LED,,,LED,,,C51,,,,2000
228,YELLOW LED,,,LED,,,C52,,,,60
229,ORANGE LED,,,LED,,,C53,,,,900
230,GREEN LED,,,LED,,,C54,,,,1000
231,BLUE LED,,,LED,,,C55,,,,50
232,WHITE LED,,,LED,,,C56,,,,300
234,6 PIN IC SOCKET,,,Socket,,,O11,,,,90
235,8 PIN IC SOCKET,,,Socket,,,O12,,,,500
236,14 PIN IC SOCKET,,,Socket,,,O13,,,,250
237,16 PIN IC SOCKET,,,Socket,,,O14,,,,113
238,18 PIN IC SOCKET,,,Socket,,,O15,,,,176
239,20 PIN IC SOCKET,,,Socket,,,O16,,,,190
240,28 PIN IC SOCKET,,,Socket,,,O17,,,,11
241,29 PIN IC SOCKET,,,Socket,,,O18,,,,30
242,MALE BURGSTRIP,,,miscellaneous,,,O19,,,,
243,FEMALE BURGSTRIP,,,miscellaneous,,,O20,,,,
244,STM 32,,,Development Boards,,,O21,,,,
246,SMALL BREADBOARD,,,Miscellaneous,,,O23,,,,
248,MEDIUM BREADBOARD,,,Miscellaneous,,,O23A,,,,
249,BIG BREADBOARD,,,Miscellaneous,,,O24,,,,
250,ROBOT CHESIS TYRE,,,Miscellaneous,,,O25,,,,
251,M-M WIRE,,,Miscellaneous,,,O26,,,,
252,F-F WIRE,,,Miscellaneous,,,O27,,,,
253,F-M WIRE,,,Miscellaneous,,,O28,,,,